{
  "project_info": {
    "project_number": "839861915629",
    "project_id": "vetcareapp-8dc9a",
    "storage_bucket": "vetcareapp-8dc9a.appspot.com"
  },
  "client": [
    {
      "client_info": {
        "mobilesdk_app_id": "1:839861915629:android:9dc461086b53ea9911e1e4",
        "android_client_info": {
          "package_name": "com.mycompany.rolebased"
        }
      },
      "oauth_client": [],
      "api_key": [
        {
          "current_key": "AIzaSyAEEMutcT05120nXpMyB-BOYjhLQs2xhTU"
        }
      ],
      "services": {
        "appinvite_service": {
          "other_platform_oauth_client": []
        }
      }
    },
    {
      "client_info": {
        "mobilesdk_app_id": "1:839861915629:android:6104a50a00ae867911e1e4",
        "android_client_info": {
          "package_name": "com.mycompany.vetcareapp1"
        }
      },
      "oauth_client": [],
      "api_key": [
        {
          "current_key": "AIzaSyAEEMutcT05120nXpMyB-BOYjhLQs2xhTU"
        }
      ],
      "services": {
        "appinvite_service": {
          "other_platform_oauth_client": []
        }
      }
    }
  ],
  "configuration_version": "1"
}