{
  "indexes": [
    {
      "collectionGroup": "Tasks",
      "queryScope": "COLLECTION",
      "fields": [
        {
          "fieldPath": "user",
          "order": "ASCENDING"
        },
        {
          "fieldPath": "created_Time",
          "order": "DESCENDING"
        }
      ]
    },
    {
      "collectionGroup": "Tasks",
      "queryScope": "COLLECTION",
      "fields": [
        {
          "fieldPath": "user",
          "order": "ASCENDING"
        },
        {
          "fieldPath": "created_Time",
          "order": "ASCENDING"
        }
      ]
    },
    {
      "collectionGroup": "chat_messages",
      "queryScope": "COLLECTION",
      "fields": [
        {
          "fieldPath": "chat_user",
          "order": "ASCENDING"
        },
        {
          "fieldPath": "timestamp",
          "order": "ASCENDING"
        }
      ]
    },
    {
      "collectionGroup": "Folders",
      "queryScope": "COLLECTION",
      "fields": [
        {
          "fieldPath": "createdby_ref",
          "order": "ASCENDING"
        },
        {
          "fieldPath": "folder_title",
          "order": "ASCENDING"
        }
      ]
    },
    {
      "collectionGroup": "CHats",
      "queryScope": "COLLECTION",
      "fields": [
        {
          "fieldPath": "folder_ref",
          "order": "ASCENDING"
        },
        {
          "fieldPath": "recent_update",
          "order": "DESCENDING"
        }
      ]
    }
  ]
}